ProductId,SkuId,EAN,Brand,Category,Imageurl1,Imageurl2,StockStatus
14976,14977,5013008006030,Maypole,Electronics > Electronics Accessories > Power > Power Adapters & Chargers,https://i1.adis.ws/i/jpl/go_149667_a?w=1000&q=90,https://i1.adis.ws/i/jpl/go_149667_z?w=1000&q=90,OUTOFSTOCK
62404,62405,5060063226248,True Utility,Sporting Goods > Outdoor Recreation > Camping & Hiking > Camping Tools > Multifunction Tools & Knives,https://i1.adis.ws/i/jpl/go_330982_a?w=1000&q=90,https://i1.adis.ws/i/jpl/go_330982_b?w=1000&q=90,OUTOFSTOCK
54942,54943,5056234326398,Handy Heroes,Sporting Goods > Outdoor Recreation > Camping & Hiking > Camping Lights & Lanterns,https://i1.adis.ws/i/jpl/go_329501_a?w=1000&q=90,https://i1.adis.ws/i/jpl/go_329501_b?w=1000&q=90,OUTOFSTOCK
54909,54910,5056234325100,Hi-gear,Sporting Goods > Outdoor Recreation > Camping & Hiking > Camping Lights & Lanterns,https://i1.adis.ws/i/jpl/go_329466_a?w=1000&q=90,https://i1.adis.ws/i/jpl/go_329466_b?w=1000&q=90,OUTOFSTOCK
60468,60469,53163503734,Tfg,Sporting Goods > Outdoor Recreation > Fishing > Tackle Bags & Boxes,https://i1.adis.ws/i/jpl/go_273961_a?w=1000&q=90,https://i1.adis.ws/i/jpl/go_273961_z?w=1000&q=90,OUTOFSTOCK
59236,59237,5031863064200,Lifesystems,Health & Beauty > Personal Care > Cosmetics > Skin Care > Skin Insect Repellent,https://i1.adis.ws/i/jpl/go_206469_a?w=1000&q=90,https://i1.adis.ws/i/jpl/go_206469_z?w=1000&q=90,OUTOFSTOCK
64927,64928,5060137590053,Continental,Home & Garden > Kitchen & Dining > Kitchen Appliances > Portable Cooking Stoves,https://i1.adis.ws/i/jpl/go_300766_a?w=1000&q=90,https://i1.adis.ws/i/jpl/go_300766_b?w=1000&q=90,OUTOFSTOCK
18542,18543,766478942135,Whale,Sporting Goods > Outdoor Recreation > Camping & Hiking > Portable Water Filters & Purifiers,https://i1.adis.ws/i/jpl/go_301077_a?w=1000&q=90,https://i1.adis.ws/i/jpl/go_301077_z?w=1000&q=90,OUTOFSTOCK
14990,14991,5013008829110,Maypole,Sporting Goods > Outdoor Recreation > Camping & Hiking > Camping Lights & Lanterns,https://i1.adis.ws/i/jpl/go_149682_a?w=1000&q=90,https://i1.adis.ws/i/jpl/go_149682_z?w=1000&q=90,OUTOFSTOCK
14643,14644,53163503703,Tfg,Sporting Goods > Outdoor Recreation > Fishing > Fishing Rod Accessories > Fishing Rod Holders & Storage Racks,https://i1.adis.ws/i/jpl/go_139134_a?w=1000&q=90,,OUTOFSTOCK
54792,54793,5056234326022,Hi-gear,Hardware > Tools > Ladders & Scaffolding > Step Stools,https://i1.adis.ws/i/jpl/go_329338_a?w=1000&q=90,https://i1.adis.ws/i/jpl/go_329338_b?w=1000&q=90,OUTOFSTOCK
15186,15187,5060062870145,Hitchman,Sporting Goods > Outdoor Recreation > Camping & Hiking > Portable Water Filters & Purifiers,https://i1.adis.ws/i/jpl/go_151084_a?w=1000&q=90,https://i1.adis.ws/i/jpl/go_151084_z?w=1000&q=90,INSTOCK
57781,57782,5013008002667,Maypole,Sporting Goods > Outdoor Recreation > Cycling > Bicycle Accessories > Bicycle Pumps,https://i1.adis.ws/i/jpl/go_149623_a?w=1000&q=90,https://i1.adis.ws/i/jpl/go_149623_z?w=1000&q=90,OUTOFSTOCK
54960,54961,5050978817013,Grangers,Home & Garden > Household Supplies > Household Cleaning Supplies > Household Cleaning Products > Fabric & Upholstery Cleaners,https://i1.adis.ws/i/jpl/go_101307_a?w=1000&q=90,https://i1.adis.ws/i/jpl/go_101307_z?w=1000&q=90,OUTOFSTOCK
15624,15625,5013342055565,Hi Tec,Apparel & Accessories > Shoes > Boys,https://i1.adis.ws/i/jpl/go_184696_a?w=1000&q=90,https://i1.adis.ws/i/jpl/go_184696_b?w=1000&q=90,OUTOFSTOCK
17438,17439,5020716441008,Nikwax,Home & Garden > Household Supplies > Laundry Supplies > Fabric Stain Removers,https://i1.adis.ws/i/jpl/go_285070_a?w=1000&q=90,https://i1.adis.ws/i/jpl/go_285070_z?w=1000&q=90,OUTOFSTOCK
14412,14413,826486001207,Tilley,Apparel & Accessories > Clothing Accessories > Hats > Mens,https://i1.adis.ws/i/jpl/go_126258_a?w=1000&q=90,https://i1.adis.ws/i/jpl/go_126258_b?w=1000&q=90,INSTOCK
14851,14852,7315081402722,Vango,Home & Garden > Kitchen & Dining > Cookware & Bakeware > Cookware > Stovetop Kettles,https://i1.adis.ws/i/jpl/go_146502_a?w=1000&q=90,https://i1.adis.ws/i/jpl/go_146502_z?w=1000&q=90,OUTOFSTOCK
15146,15147,5019328376846,W4,Sporting Goods > Outdoor Recreation > Camping & Hiking > Tents,https://i1.adis.ws/i/jpl/go_151000_a?w=1000&q=90,https://i1.adis.ws/i/jpl/go_151000_b?w=1000&q=90,OUTOFSTOCK
58210,58211,5013008006023,Maypole,Hardware > Plumbing > Plumbing Fixture Hardware & Parts > Fixture Plates,https://i1.adis.ws/i/jpl/go_149666_a?w=1000&q=90,https://i1.adis.ws/i/jpl/go_149666_z?w=1000&q=90,OUTOFSTOCK
15154,15155,5019328070973,W4,Hardware > Power & Electrical Supplies > Power Outlets & Sockets,https://i1.adis.ws/i/jpl/go_151019_a?w=1000&q=90,https://i1.adis.ws/i/jpl/go_151019_b?w=1000&q=90,OUTOFSTOCK
15156,15157,5019328370875,W4,Hardware > Power & Electrical Supplies > Power Outlets & Sockets,https://i1.adis.ws/i/jpl/go_151025_a?w=1000&q=90,https://i1.adis.ws/i/jpl/go_151025_z?w=1000&q=90,OUTOFSTOCK
14924,14925,5013008000236,Maypole,Hardware > Power & Electrical Supplies > Power Outlets & Sockets,https://i1.adis.ws/i/jpl/go_149553_a?w=1000&q=90,https://i1.adis.ws/i/jpl/go_149553_z?w=1000&q=90,OUTOFSTOCK
14932,14933,5013008000328,Maypole,Hardware > Power & Electrical Supplies > Power Outlets & Sockets,https://i1.adis.ws/i/jpl/go_149561_a?w=1000&q=90,https://i1.adis.ws/i/jpl/go_149561_z?w=1000&q=90,OUTOFSTOCK
63059,63060,886798014951,Camelbak,Home & Garden > Kitchen & Dining > Food & Beverage Carriers > Flasks,https://i1.adis.ws/i/jpl/go_331491_a?w=1000&q=90,,OUTOFSTOCK
18423,18424,7315086025056,Vango,Apparel & Accessories > Clothing Accessories > Hats > Mens,https://i1.adis.ws/i/jpl/go_300923_a?w=1000&q=90,https://i1.adis.ws/i/jpl/go_300923_z?w=1000&q=90,INSTOCK
63953,63954,7332627776772,Didriksons,Apparel & Accessories > Clothing > Outerwear > Coats & Jackets > Womens,https://i1.adis.ws/i/jpl/go_332145_a?w=1000&q=90,https://i1.adis.ws/i/jpl/go_332145_b?w=1000&q=90,OUTOFSTOCK
14916,14917,5013008000038,Maypole,"Sporting Goods > Outdoor Recreation > Boating & Water Sports > Boating & Water Sport Apparel > Wetsuit Pieces > Wetsuit Hoods, Gloves & Boots > Womens",https://i1.adis.ws/i/jpl/go_149547_a?w=1000&q=90,https://i1.adis.ws/i/jpl/go_149547_z?w=1000&q=90,INSTOCK
57761,57762,5013008000397,Maypole,Apparel & Accessories > Shoes > Boys,https://i1.adis.ws/i/jpl/go_149579_a?w=1000&q=90,https://i1.adis.ws/i/jpl/go_149579_z?w=1000&q=90,OUTOFSTOCK
58349,58350,5019328376907,W4,Sporting Goods > Outdoor Recreation > Camping & Hiking > Tent Accessories > Tent Poles & Stakes,https://i1.adis.ws/i/jpl/go_150936_a?w=1000&q=90,https://i1.adis.ws/i/jpl/go_150936_z?w=1000&q=90,OUTOFSTOCK
16517,16518,3943072316259,Didriksons,Apparel & Accessories > Clothing > Outerwear > Coats & Jackets > Mens,https://i1.adis.ws/i/jpl/go_231625_a?w=1000&q=90,https://i1.adis.ws/i/jpl/go_231625_b?w=1000&q=90,OUTOFSTOCK
13886,13887,5031358001468,1000 Mile,Apparel & Accessories > Clothing > Underwear & Socks > Socks > Mens,https://i1.adis.ws/i/jpl/go_114658_a?w=1000&q=90,https://i1.adis.ws/i/jpl/go_114658_z?w=1000&q=90,OUTOFSTOCK
145761,145762,5031358001468,1000 Mile,Apparel & Accessories > Clothing > Underwear & Socks > Socks > Mens,https://i1.adis.ws/i/jpl/go_345310_a?w=1000&q=90,https://i1.adis.ws/i/jpl/go_345310_b?w=1000&q=90,OUTOFSTOCK
17781,17782,5022259204577,Romneys,"Food, Beverages & Tobacco > Food Items > Prepared Foods > Prepared Meals & Entrées",https://i1.adis.ws/i/jpl/go_300053_a?w=1000&q=90,https://i1.adis.ws/i/jpl/go_300053_z?w=1000&q=90,OUTOFSTOCK
15122,15123,5019328375566,W4,Home & Garden > Lighting > Light Bulbs > LED Light Bulbs,https://i1.adis.ws/i/jpl/go_150959_a?w=1000&q=90,https://i1.adis.ws/i/jpl/go_150959_z?w=1000&q=90,OUTOFSTOCK
17783,17784,5022259000636,Romneys,"Food, Beverages & Tobacco > Food Items > Prepared Foods > Prepared Meals & Entrées",https://i1.adis.ws/i/jpl/go_300055_a?w=1000&q=90,https://i1.adis.ws/i/jpl/go_300055_z?w=1000&q=90,OUTOFSTOCK
17785,17786,5022259000766,Romneys,"Food, Beverages & Tobacco > Food Items > Prepared Foods > Prepared Meals & Entrées",https://i1.adis.ws/i/jpl/go_300056_a?w=1000&q=90,https://i1.adis.ws/i/jpl/go_300056_z?w=1000&q=90,OUTOFSTOCK
54778,54779,5056234324141,Oex,Sporting Goods > Outdoor Recreation > Camping & Hiking > Camping Lights & Lanterns,https://i1.adis.ws/i/jpl/go_329330_a?w=1000&q=90,https://i1.adis.ws/i/jpl/go_329330_b?w=1000&q=90,OUTOFSTOCK
63775,63776,5056234345054,The Edge,Apparel & Accessories > Clothing > Outerwear > Coats & Jackets > Womens,https://i1.adis.ws/i/jpl/go_332084_a?w=1000&q=90,https://i1.adis.ws/i/jpl/go_332084_b?w=1000&q=90,INSTOCK
54844,54845,5056234324646,Hi-gear,Sporting Goods > Outdoor Recreation > Camping & Hiking > Camping Tools > Multifunction Tools & Knives,https://i1.adis.ws/i/jpl/go_329408_a?w=1000&q=90,https://i1.adis.ws/i/jpl/go_329408_b?w=1000&q=90,INSTOCK
65022,65023,5019328376600,W4,Sporting Goods > Outdoor Recreation > Camping & Hiking > Tents,https://i1.adis.ws/i/jpl/go_300900_a?w=1000&q=90,https://i1.adis.ws/i/jpl/go_300900_z?w=1000&q=90,OUTOFSTOCK
15002,15003,5013008009949,Maypole,Vehicles & Parts > Vehicle Parts & Accessories > Vehicle Storage & Cargo > Motor Vehicle Carrying Racks > Vehicle Bicycle Racks,https://i1.adis.ws/i/jpl/go_149707_a?w=1000&q=90,https://i1.adis.ws/i/jpl/go_149707_z?w=1000&q=90,OUTOFSTOCK
63496,63497,5056234340172,Westlake,Sporting Goods > Outdoor Recreation > Fishing > Tackle Bags & Boxes,https://i1.adis.ws/i/jpl/go_331796_a?w=1000&q=90,https://i1.adis.ws/i/jpl/go_331796_z?w=1000&q=90,INSTOCK
63506,63507,5056234340271,Westlake,Sporting Goods > Outdoor Recreation > Fishing > Fishing Tackle > Fishing Baits & Lures,https://i1.adis.ws/i/jpl/go_331806_a?w=1000&q=90,https://i1.adis.ws/i/jpl/go_331806_z?w=1000&q=90,OUTOFSTOCK
63504,63505,5056234340264,Westlake,Sporting Goods > Outdoor Recreation > Fishing > Fishing Tackle > Fishing Snaps & Swivels,https://i1.adis.ws/i/jpl/go_331805_a?w=1000&q=90,https://i1.adis.ws/i/jpl/go_331805_z?w=1000&q=90,OUTOFSTOCK
15182,15183,5019328000703,W4,"Sporting Goods > Outdoor Recreation > Boating & Water Sports > Boating & Water Sport Apparel > Wetsuit Pieces > Wetsuit Hoods, Gloves & Boots > Womens",https://i1.adis.ws/i/jpl/go_151072_a?w=1000&q=90,https://i1.adis.ws/i/jpl/go_151072_z?w=1000&q=90,OUTOFSTOCK
63984,63985,821468856110,Rab,Apparel & Accessories > Clothing Accessories > Hats > Mens,https://i1.adis.ws/i/jpl/go_332168_a?w=1000&q=90,,OUTOFSTOCK
112304,112305,5054330054221,Eurohike,Sporting Goods > Outdoor Recreation > Camping & Hiking > Tent Accessories > Tent Footprints,https://i1.adis.ws/i/jpl/go_194855_a?w=1000&q=90,https://i1.adis.ws/i/jpl/go_194855_b?w=1000&q=90,INSTOCK
112302,112303,5054330054214,Eurohike,Sporting Goods > Outdoor Recreation > Camping & Hiking > Tent Accessories > Tent Footprints,https://i1.adis.ws/i/jpl/go_194853_a?w=1000&q=90,https://i1.adis.ws/i/jpl/go_194853_b?w=1000&q=90,INSTOCK
112300,112301,529,Eurohike,Sporting Goods > Outdoor Recreation > Camping & Hiking > Tent Accessories > Tent Footprints,https://i1.adis.ws/i/jpl/go_194852_a?w=1000&q=90,https://i1.adis.ws/i/jpl/go_194852_b?w=1000&q=90,INSTOCK
63998,63999,821468897366,Rab,Apparel & Accessories > Clothing > Shirts & Tops > Mens,https://i1.adis.ws/i/jpl/go_332172_a?w=1000&q=90,https://i1.adis.ws/i/jpl/go_332172_z?w=1000&q=90,OUTOFSTOCK
15102,15103,5019328370325,W4,Vehicles & Parts > Vehicle Parts & Accessories > Motor Vehicle Parts > Motor Vehicle Towing,https://i1.adis.ws/i/jpl/go_150932_a?w=1000&q=90,https://i1.adis.ws/i/jpl/go_150932_z?w=1000&q=90,OUTOFSTOCK
63519,63520,793661432784,Black Diamond,Sporting Goods > Outdoor Recreation > Climbing > Climbing Harnesses > Adult (unisex),https://i1.adis.ws/i/jpl/go_331823_a?w=1000&q=90,https://i1.adis.ws/i/jpl/go_331823_z?w=1000&q=90,OUTOFSTOCK
63992,63993,821468897489,Rab,Apparel & Accessories > Clothing > Shirts & Tops > Mens,https://i1.adis.ws/i/jpl/go_332171_a?w=1000&q=90,https://i1.adis.ws/i/jpl/go_332171_z?w=1000&q=90,OUTOFSTOCK
64022,64023,821468901735,Rab,Apparel & Accessories > Clothing > Outerwear > Coats & Jackets > Womens,https://i1.adis.ws/i/jpl/go_332178_a?w=1000&q=90,https://i1.adis.ws/i/jpl/go_332178_b?w=1000&q=90,OUTOFSTOCK
61777,61778,4059807092721,Five Ten,Apparel & Accessories > Shoes > Mens,https://i1.adis.ws/i/jpl/go_330667_a?w=1000&q=90,https://i1.adis.ws/i/jpl/go_330667_b?w=1000&q=90,OUTOFSTOCK
63768,63769,5056234344934,The Edge,Apparel & Accessories > Clothing > Outerwear > Coats & Jackets > Womens,https://i1.adis.ws/i/jpl/go_332083_a?w=1000&q=90,https://i1.adis.ws/i/jpl/go_332083_b?w=1000&q=90,OUTOFSTOCK
63808,63809,5056234346938,The Edge,Apparel & Accessories > Clothing > Outerwear > Coats & Jackets > Boys,https://i1.adis.ws/i/jpl/go_332104_a?w=1000&q=90,https://i1.adis.ws/i/jpl/go_332104_b?w=1000&q=90,OUTOFSTOCK
15200,15201,5055924805878,Quest,Home & Garden > Household Supplies > Waste Containment > Trash Cans & Wastebaskets,https://i1.adis.ws/i/jpl/go_151354_a?w=1000&q=90,https://i1.adis.ws/i/jpl/go_151354_z?w=1000&q=90,OUTOFSTOCK
64911,64912,5019328075879,Royal,Hardware > Power & Electrical Supplies > Power Outlets & Sockets,https://i1.adis.ws/i/jpl/go_300748_a?w=1000&q=90,https://i1.adis.ws/i/jpl/go_300748_z?w=1000&q=90,OUTOFSTOCK
63662,63663,5056234342541,Westlake,Sporting Goods > Outdoor Recreation > Fishing > Fishing Tackle > Fishing Snaps & Swivels,https://i1.adis.ws/i/jpl/go_331979_a?w=1000&q=90,https://i1.adis.ws/i/jpl/go_331979_z?w=1000&q=90,INSTOCK
18791,18792,781286010395,Dinsmores,Sporting Goods > Outdoor Recreation > Fishing > Fishing Rods > Adult (unisex),https://i1.adis.ws/i/jpl/go_301402_a?w=1000&q=90,https://i1.adis.ws/i/jpl/go_301402_z?w=1000&q=90,OUTOFSTOCK
15466,15468,5055408000751,Red Chili,Apparel & Accessories > Shoes > Womens,https://i1.adis.ws/i/jpl/go_170780_a?w=1000&q=90,https://i1.adis.ws/i/jpl/go_170780_z?w=1000&q=90,OUTOFSTOCK
61181,61182,5031863093804,Lifeventure,Vehicles & Parts > Vehicle Parts & Accessories > Motor Vehicle Parts > Motor Vehicle Mirrors,https://i1.adis.ws/i/jpl/go_300175_a?w=1000&q=90,https://i1.adis.ws/i/jpl/go_300175_z?w=1000&q=90,OUTOFSTOCK
64016,64017,821468882799,Rab,Apparel & Accessories > Clothing > Shirts & Tops > Womens,https://i1.adis.ws/i/jpl/go_332177_a?w=1000&q=90,https://i1.adis.ws/i/jpl/go_332177_z?w=1000&q=90,OUTOFSTOCK
14938,14939,5013008000885,Maypole,Hardware > Plumbing > Plumbing Fixture Hardware & Parts > Fixture Plates,https://i1.adis.ws/i/jpl/go_149583_a?w=1000&q=90,https://i1.adis.ws/i/jpl/go_149583_z?w=1000&q=90,OUTOFSTOCK
58648,58649,5054306562163,Rab,Apparel & Accessories > Clothing Accessories > Gloves & Mittens > Mens,https://i1.adis.ws/i/jpl/go_164214_a?w=1000&q=90,https://i1.adis.ws/i/jpl/go_164214_b?w=1000&q=90,OUTOFSTOCK
18278,18279,5019328000642,Royal,Electronics > Electronics Accessories > Power > Power Adapters & Chargers,https://i1.adis.ws/i/jpl/go_300746_a?w=1000&q=90,https://i1.adis.ws/i/jpl/go_300746_z?w=1000&q=90,OUTOFSTOCK
15096,15097,5019328000611,W4,Hardware > Power & Electrical Supplies > Power Outlets & Sockets,https://i1.adis.ws/i/jpl/go_150929_a?w=1000&q=90,https://i1.adis.ws/i/jpl/go_150929_z?w=1000&q=90,OUTOFSTOCK
63434,63435,946640449208,Niteize,Sporting Goods > Outdoor Recreation > Camping & Hiking > Camping Tools > Multifunction Tools & Knives,https://i1.adis.ws/i/jpl/go_331732_a?w=1000&q=90,https://i1.adis.ws/i/jpl/go_331732_b?w=1000&q=90,OUTOFSTOCK
56207,56208,5031863050609,Lifesystems,Sporting Goods > Outdoor Recreation > Camping & Hiking > Mosquito Nets & Insect Screens,https://i1.adis.ws/i/jpl/go_114542_a?w=1000&q=90,https://i1.adis.ws/i/jpl/go_114542_z?w=1000&q=90,INSTOCK
63488,63489,5056234340028,Westlake,Sporting Goods > Outdoor Recreation > Fishing > Tackle Bags & Boxes,https://i1.adis.ws/i/jpl/go_331781_a?w=1000&q=90,https://i1.adis.ws/i/jpl/go_331781_z?w=1000&q=90,OUTOFSTOCK
63486,63487,5056234340004,Westlake,Sporting Goods > Outdoor Recreation > Fishing > Tackle Bags & Boxes,https://i1.adis.ws/i/jpl/go_331779_a?w=1000&q=90,https://i1.adis.ws/i/jpl/go_331779_z?w=1000&q=90,OUTOFSTOCK
56227,56228,5001860005124,Lifesystems,Health & Beauty > Health Care > Fitness & Nutrition > Vitamins & Supplements,https://i1.adis.ws/i/jpl/go_114754_a?w=1000&q=90,https://i1.adis.ws/i/jpl/go_114754_b?w=1000&q=90,OUTOFSTOCK
63811,63812,5056234347065,The Edge,Apparel & Accessories > Clothing > Outerwear > Coats & Jackets > Boys,https://i1.adis.ws/i/jpl/go_332106_a?w=1000&q=90,https://i1.adis.ws/i/jpl/go_332106_b?w=1000&q=90,OUTOFSTOCK
61034,61035,3700288208194,Beal,Sporting Goods > Outdoor Recreation > Climbing > Climbing Ascenders & Descenders,https://i1.adis.ws/i/jpl/go_300123_a?w=1000&q=90,https://i1.adis.ws/i/jpl/go_300123_z?w=1000&q=90,OUTOFSTOCK
55404,55405,5023857575052,Moonlights,Sporting Goods > Exercise & Fitness > Sport Safety Lights & Reflectors,https://i1.adis.ws/i/jpl/go_329681_a?w=1000&q=90,https://i1.adis.ws/i/jpl/go_329681_b?w=1000&q=90,OUTOFSTOCK
64272,64273,5021544100044,Carr And Day,"Sporting Goods > Outdoor Recreation > Equestrian > Horse Care > Horse Grooming > Horse Grooming Combs, Brushes & Mitts",https://i1.adis.ws/i/jpl/go_332358_a?w=1000&q=90,https://i1.adis.ws/i/jpl/go_332358_z?w=1000&q=90,OUTOFSTOCK
16024,118715,5052071901934,Berghaus,Apparel & Accessories > Clothing > Outerwear > Coats & Jackets > Mens,https://i1.adis.ws/i/jpl/go_206920_a?w=1000&q=90,https://i1.adis.ws/i/jpl/go_206920_b?w=1000&q=90,OUTOFSTOCK
59260,119944,5052071901989,Berghaus,Apparel & Accessories > Clothing > Outerwear > Coats & Jackets > Mens,https://i1.adis.ws/i/jpl/go_206919_a?w=1000&q=90,https://i1.adis.ws/i/jpl/go_206919_b?w=1000&q=90,OUTOFSTOCK
15398,15399,5054306561395,Berghaus,Apparel & Accessories > Clothing > Outerwear > Coats & Jackets > Kids (unisex),https://i1.adis.ws/i/jpl/go_164033_a?w=1000&q=90,https://i1.adis.ws/i/jpl/go_164033_b?w=1000&q=90,INSTOCK
58670,58671,5054306445237,Berghaus,Apparel & Accessories > Clothing > Outerwear > Coats & Jackets > Kids (unisex),https://i1.adis.ws/i/jpl/go_167164_a?w=1000&q=90,https://i1.adis.ws/i/jpl/go_167164_b?w=1000&q=90,OUTOFSTOCK
136579,136580,5054306445237,Berghaus,Apparel & Accessories > Clothing > Outerwear > Coats & Jackets > Kids (unisex),https://i1.adis.ws/i/jpl/go_152257_a?w=1000&q=90,https://i1.adis.ws/i/jpl/go_152257_b?w=1000&q=90,INSTOCK
15659,15660,5054773145043,Berghaus,Apparel & Accessories > Clothing > Pants > Mens,https://i1.adis.ws/i/jpl/go_184945_a?w=1000&q=90,https://i1.adis.ws/i/jpl/go_184945_b?w=1000&q=90,OUTOFSTOCK
58881,58882,5054773144893,Berghaus,Apparel & Accessories > Clothing > Pants > Womens,https://i1.adis.ws/i/jpl/go_185056_a?w=1000&q=90,https://i1.adis.ws/i/jpl/go_185056_b?w=1000&q=90,OUTOFSTOCK
58889,58890,5054773144909,Berghaus,Apparel & Accessories > Clothing > Pants > Womens,https://i1.adis.ws/i/jpl/go_185057_a?w=1000&q=90,https://i1.adis.ws/i/jpl/go_185057_b?w=1000&q=90,INSTOCK
15653,15654,5054773145050,Berghaus,Apparel & Accessories > Clothing > Pants > Mens,https://i1.adis.ws/i/jpl/go_184875_a?w=1000&q=90,https://i1.adis.ws/i/jpl/go_184875_b?w=1000&q=90,INSTOCK
59029,59030,5054306562484,Berghaus,Apparel & Accessories > Clothing > Outerwear > Coats & Jackets > Womens,https://i1.adis.ws/i/jpl/go_192048_a?w=1000&q=90,https://i1.adis.ws/i/jpl/go_192048_b?w=1000&q=90,OUTOFSTOCK
65198,65199,5054773145173,Berghaus,Apparel & Accessories > Clothing > Outerwear > Coats & Jackets > Mens,https://i1.adis.ws/i/jpl/go_337821_a?w=1000&q=90,https://i1.adis.ws/i/jpl/go_337821_b?w=1000&q=90,OUTOFSTOCK
58434,58435,793661092988,Black Diamond,Sporting Goods > Outdoor Recreation > Climbing > Ice Climbing Tools,https://i1.adis.ws/i/jpl/go_151449_a?w=1000&q=90,https://i1.adis.ws/i/jpl/go_151449_z?w=1000&q=90,OUTOFSTOCK
62193,62194,793661410348,Black Diamond,Apparel & Accessories > Clothing > Pants > Womens,https://i1.adis.ws/i/jpl/go_330855_a?w=1000&q=90,https://i1.adis.ws/i/jpl/go_330855_b?w=1000&q=90,OUTOFSTOCK
15098,15099,5019328376594,W4,Sporting Goods > Outdoor Recreation > Camping & Hiking > Tents,https://i1.adis.ws/i/jpl/go_150930_a?w=1000&q=90,https://i1.adis.ws/i/jpl/go_150930_z?w=1000&q=90,OUTOFSTOCK
55727,55728,5052189720458,Bridgedale,Apparel & Accessories > Clothing > Underwear & Socks > Socks > Mens,https://i1.adis.ws/i/jpl/go_108080_a?w=1000&q=90,https://i1.adis.ws/i/jpl/go_108080_z?w=1000&q=90,OUTOFSTOCK
62320,62321,8025228953091,Scarpa,Apparel & Accessories > Shoes > Mens,https://i1.adis.ws/i/jpl/go_330929_a?w=1000&q=90,https://i1.adis.ws/i/jpl/go_330929_b?w=1000&q=90,INSTOCK
58379,58380,5019328375108,W4,Home & Garden > Lighting > Light Bulbs > LED Light Bulbs,https://i1.adis.ws/i/jpl/go_150990_a?w=1000&q=90,,OUTOFSTOCK
15176,15177,5019328375641,W4,Home & Garden > Lighting > Light Bulbs > LED Light Bulbs,https://i1.adis.ws/i/jpl/go_151062_a?w=1000&q=90,,OUTOFSTOCK
18108,18109,3138520206668,Campingaz,Home & Garden > Kitchen & Dining > Kitchen Appliance Accessories > Portable Cooking Stove Accessories,https://i1.adis.ws/i/jpl/go_300513_a?w=1000&q=90,https://i1.adis.ws/i/jpl/go_300513_z?w=1000&q=90,OUTOFSTOCK
58393,58394,5019328000345,W4,Home & Garden > Lighting > Light Bulbs > LED Light Bulbs,https://i1.adis.ws/i/jpl/go_151029_a?w=1000&q=90,https://i1.adis.ws/i/jpl/go_151029_z?w=1000&q=90,OUTOFSTOCK
17410,17411,3965992818767,Osprey,Luggage & Bags > Backpacks,https://i1.adis.ws/i/jpl/go_281876_a?w=1000&q=90,https://i1.adis.ws/i/jpl/go_281876_b?w=1000&q=90,OUTOFSTOCK
